{
  "__comment": "Instructions: https://mods.blakebr0.com/docs/cucumber/tags-config",
  "forge:ingots/aluminum": "silents_mechanisms:aluminum_ingot",
  "forge:ingots/constantan": "null",
  "forge:ingots/tungsten": "null",
  "forge:ingots/mithril": "null",
  "forge:ingots/tin": "mekanism:ingot_tin",
  "forge:ingots/iridium": "null",
  "forge:ingots/zinc": "silents_mechanisms:zinc_ingot",
  "forge:ingots/bronze": "mekanism:ingot_bronze",
  "forge:ingots/copper": "silents_mechanisms:copper_ingot",
  "forge:ingots/invar": "silents_mechanisms:invar_ingot",
  "forge:ingots/chrome": "null",
  "forge:ingots/electrum": "silents_mechanisms:electrum_ingot",
  "forge:silicon": "refinedstorage:silicon",
  "forge:ingots/brass": "silents_mechanisms:brass_ingot",
  "forge:ingots/silver": "silents_mechanisms:silver_ingot",
  "forge:dusts/saltpeter": "null",
  "forge:ingots/steel": "silents_mechanisms:steel_ingot",
  "forge:ingots/titanium": "null",
  "forge:rubber": "null",
  "forge:ingots/platinum": "silents_mechanisms:platinum_ingot",
  "forge:dusts/sulfur": "mekanism:dust_sulfur",
  "forge:ingots/lead": "silents_mechanisms:lead_ingot",
  "forge:ingots/graphite": "null",
  "forge:ingots/uranium": "silents_mechanisms:uranium_ingot",
  "forge:ingots/nickel": "silents_mechanisms:nickel_ingot"
}